[
  {"region": "UK West", "country": "United Kingdom", "city": "Cardiff"},
  {"region": "UK South", "country": "United Kingdom", "city": "London"},
  {"region": "West Central US", "country": "United States", "city": "Wyoming"},
  {"region": "West US", "country": "United States", "city": "California"},
  {"region": "West US 2", "country": "United States", "city": "Washington"},
  {"region": "West US 3", "country": "United States", "city": "Phoenix"},
  {"region": "West Europe", "country": "Netherlands", "city": "Amsterdam"},
  {"region": "West India", "country": "India", "city": "Mumbai"},
  {"region": "Spain Central", "country": "Spain", "city": "Madrid"},
  {"region": "Sweden Central", "country": "Sweden", "city": "Gävle"},
  {"region": "Switzerland North", "country": "Switzerland", "city": "Zurich"},
  {"region": "Switzerland West", "country": "Switzerland", "city": "Geneva"},
  {"region": "UAE Central", "country": "UAE", "city": "Abu Dhabi"},
  {"region": "UAE North", "country": "UAE", "city": "Dubai"},
  {"region": "Malaysia West", "country": "Malaysia", "city": "Kuala Lumpur"},
  {"region": "Mexico Central", "country": "Mexico", "city": "Querétaro State"},
  {"region": "New Zealand North", "country": "New Zealand", "city": "Auckland"},
  {"region": "North Central US", "country": "United States", "city": "Illinois"},
  {"region": "North Europe", "country": "Ireland", "city": "Dublin"},
  {"region": "Norway East", "country": "Norway", "city": "Oslo"},
  {"region": "Norway West", "country": "Norway", "city": "Stavanger"},
  {"region": "Poland Central", "country": "Poland", "city": "Warsaw"},
  {"region": "Qatar Central", "country": "Qatar", "city": "Doha"},
  {"region": "South Africa North", "country": "South Africa", "city": "Johannesburg"},
  {"region": "South Africa West", "country": "South Africa", "city": "Cape Town"},
  {"region": "South Central US", "country": "United States", "city": "Texas"},
  {"region": "South India", "country": "India", "city": "Chennai"},
  {"region": "Southeast Asia", "country": "Singapore", "city": "Singapore"},
  {"region": "Australia Central", "country": "Australia", "city": "Canberra"},
  {"region": "Australia East", "country": "Australia", "city": "Sydney"},
  {"region": "Australia Southeast", "country": "Australia", "city": "Melbourne"},
  {"region": "Austria East", "country": "Austria", "city": "Vienna"},
  {"region": "Belgium Central", "country": "Belgium", "city": "Brussels"},
  {"region": "Brazil South", "country": "Brazil", "city": "Sao Paulo"},
  {"region": "Canada Central", "country": "Canada", "city": "Toronto"},
  {"region": "Canada East", "country": "Canada", "city": "Quebec"},
  {"region": "Central India", "country": "India", "city": "Pune"},
  {"region": "Central US", "country": "United States", "city": "Iowa"},
  {"region": "Chile Central", "country": "Chile", "city": "Santiago"},
  {"region": "East Asia", "country": "Hong Kong SAR", "city": "Hong Kong"},
  {"region": "East US", "country": "United States", "city": "Virginia"},
  {"region": "East US 2", "country": "United States", "city": "Virginia"},
  {"region": "France Central", "country": "France", "city": "Paris"},
  {"region": "France South", "country": "France", "city": "Marseille"},
  {"region": "Germany North", "country": "Germany", "city": "Berlin"},
  {"region": "Germany West Central", "country": "Germany", "city": "Frankfurt"},
  {"region": "Indonesia Central", "country": "Indonesia", "city": "Jakarta"},
  {"region": "Israel Central", "country": "Israel", "city": "Tel Aviv"},
  {"region": "Italy North", "country": "Italy", "city": "Milan"},
  {"region": "Japan East", "country": "Japan", "city": "Tokyo"},
  {"region": "Japan West", "country": "Japan", "city": "Osaka"},
  {"region": "Korea Central", "country": "Korea", "city": "Seoul"},
  {"region": "Korea South", "country": "Korea", "city": "Busan"}
]
